{
  "best_epoch": 46,
  "best_val_auroc": 0.9029011411796368,
  "test_metrics": {
    "macro_auroc": 0.8985893723992836,
    "macro_auprc": 0.7307976657745077,
    "macro_f1": 0.6302328334693856,
    "micro_f1": 0.6420062695924765,
    "exact_match": 0.44924897587619483,
    "hamming_accuracy": 0.8050751024123806,
    "per_class": {
      "MI": {
        "auroc": 0.9022255340288128,
        "auprc": 0.7795303449988195,
        "f1": 0.693293142426526,
        "support": 550
      },
      "STTC": {
        "auroc": 0.919265677628365,
        "auprc": 0.749729986166456,
        "f1": 0.6638176638176638,
        "support": 506
      },
      "CD": {
        "auroc": 0.8923190343441239,
        "auprc": 0.7738319786645261,
        "f1": 0.6793760831889082,
        "support": 496
      },
      "HYP": {
        "auroc": 0.8805472435958329,
        "auprc": 0.620098353268229,
        "f1": 0.48444444444444446,
        "support": 261
      }
    }
  },
  "args": {
    "epochs": 50,
    "batch_size": 64,
    "lr": 0.001,
    "weight_decay": 0.0001,
    "seed": 42,
    "min_likelihood": 0.0,
    "output_dir": "logs/superclass_cnn",
    "checkpoint_dir": "checkpoints",
    "debug": false
  },
  "pos_weight": [
    2.979858160018921,
    3.263854742050171,
    3.4584615230560303,
    7.221276760101318
  ]
}