{
  "val": {
    "accuracy": 0.9507346585998271,
    "roc_auc": 0.9838943803138177,
    "pr_auc": 0.9651719701160808,
    "f1": 0.9054726368159204,
    "confusion_matrix": [
      [
        827,
        24
      ],
      [
        33,
        273
      ]
    ],
    "report": {
      "0": {
        "precision": 0.9616279069767442,
        "recall": 0.9717978848413631,
        "f1-score": 0.9666861484511982,
        "support": 851.0
      },
      "1": {
        "precision": 0.9191919191919192,
        "recall": 0.8921568627450981,
        "f1-score": 0.9054726368159204,
        "support": 306.0
      },
      "accuracy": 0.9507346585998271,
      "macro avg": {
        "precision": 0.9404099130843317,
        "recall": 0.9319773737932306,
        "f1-score": 0.9360793926335593,
        "support": 1157.0
      },
      "weighted avg": {
        "precision": 0.950404560164163,
        "recall": 0.9507346585998271,
        "f1-score": 0.9504965766617469,
        "support": 1157.0
      }
    },
    "best_iteration": -1,
    "best_score": 0.0,
    "best_threshold": 0.7999999999999999,
    "best_threshold_f1": 0.9106529209621993,
    "calibration_method": "sigmoid"
  },
  "train": {
    "accuracy": 0.9849799026866934,
    "roc_auc": 0.999610103618157,
    "pr_auc": 0.9989185350131939,
    "f1": 0.9717469160366097,
    "confusion_matrix": [
      [
        6870,
        14
      ],
      [
        128,
        2442
      ]
    ],
    "report": {
      "0": {
        "precision": 0.9817090597313518,
        "recall": 0.9979662986635677,
        "f1-score": 0.9897709263794843,
        "support": 6884.0
      },
      "1": {
        "precision": 0.994299674267101,
        "recall": 0.9501945525291828,
        "f1-score": 0.9717469160366097,
        "support": 2570.0
      },
      "accuracy": 0.9849799026866934,
      "macro avg": {
        "precision": 0.9880043669992264,
        "recall": 0.9740804255963753,
        "f1-score": 0.980758921208047,
        "support": 9454.0
      },
      "weighted avg": {
        "precision": 0.9851317252017214,
        "recall": 0.9849799026866934,
        "f1-score": 0.9848712324318231,
        "support": 9454.0
      }
    }
  },
  "test": {
    "accuracy": 0.9359861591695502,
    "roc_auc": 0.976259496399179,
    "pr_auc": 0.9497100525373785,
    "f1": 0.8664259927797834,
    "confusion_matrix": [
      [
        842,
        21
      ],
      [
        53,
        240
      ]
    ],
    "report": {
      "0": {
        "precision": 0.9407821229050279,
        "recall": 0.9756662804171495,
        "f1-score": 0.9579067121729238,
        "support": 863.0
      },
      "1": {
        "precision": 0.9195402298850575,
        "recall": 0.8191126279863481,
        "f1-score": 0.8664259927797834,
        "support": 293.0
      },
      "accuracy": 0.9359861591695502,
      "macro avg": {
        "precision": 0.9301611763950427,
        "recall": 0.8973894542017489,
        "f1-score": 0.9121663524763536,
        "support": 1156.0
      },
      "weighted avg": {
        "precision": 0.9353981482901047,
        "recall": 0.9359861591695502,
        "f1-score": 0.9347199900430017,
        "support": 1156.0
      }
    }
  }
}