{
  "val": {
    "accuracy": 0.9066551426101987,
    "roc_auc": 0.9606537483775336,
    "pr_auc": 0.9160608142183919,
    "report": {
      "0": {
        "precision": 0.9077936333699231,
        "recall": 0.9717978848413631,
        "f1-score": 0.9387060158910329,
        "support": 851.0
      },
      "1": {
        "precision": 0.9024390243902439,
        "recall": 0.7254901960784313,
        "f1-score": 0.8043478260869565,
        "support": 306.0
      },
      "accuracy": 0.9066551426101987,
      "macro avg": {
        "precision": 0.9051163288800835,
        "recall": 0.8486440404598972,
        "f1-score": 0.8715269209889946,
        "support": 1157.0
      },
      "weighted avg": {
        "precision": 0.9063774619370953,
        "recall": 0.9066551426101987,
        "f1-score": 0.903171352036195,
        "support": 1157.0
      }
    }
  },
  "train": {
    "accuracy": 0.972815739369579,
    "roc_auc": 0.9951511653933895,
    "pr_auc": 0.989482114000962,
    "report": {
      "0": {
        "precision": 0.9711360727996587,
        "recall": 0.9921557234166183,
        "f1-score": 0.9815333764460732,
        "support": 6884.0
      },
      "1": {
        "precision": 0.9776951672862454,
        "recall": 0.9210116731517509,
        "f1-score": 0.9485073131636946,
        "support": 2570.0
      },
      "accuracy": 0.972815739369579,
      "macro avg": {
        "precision": 0.9744156200429521,
        "recall": 0.9565836982841847,
        "f1-score": 0.965020344804884,
        "support": 9454.0
      },
      "weighted avg": {
        "precision": 0.972919114139888,
        "recall": 0.972815739369579,
        "f1-score": 0.9725554853274236,
        "support": 9454.0
      }
    }
  },
  "test": {
    "accuracy": 0.8875432525951558,
    "roc_auc": 0.9367157190370918,
    "pr_auc": 0.867021312287768,
    "report": {
      "0": {
        "precision": 0.8903088391906283,
        "recall": 0.9687137891077636,
        "f1-score": 0.9278579356270811,
        "support": 863.0
      },
      "1": {
        "precision": 0.8755760368663594,
        "recall": 0.6484641638225256,
        "f1-score": 0.7450980392156863,
        "support": 293.0
      },
      "accuracy": 0.8875432525951558,
      "macro avg": {
        "precision": 0.8829424380284938,
        "recall": 0.8085889764651446,
        "f1-score": 0.8364779874213837,
        "support": 1156.0
      },
      "weighted avg": {
        "precision": 0.8865746600548058,
        "recall": 0.8875432525951558,
        "f1-score": 0.8815355743394178,
        "support": 1156.0
      }
    }
  }
}