{
  "best_alpha": 0.15000000000000002,
  "best_score": 0.9488950749550995,
  "metric": "roc_auc",
  "alpha_scores": {
    "alpha_0.00": 0.9466314047454429,
    "alpha_0.05": 0.9482117408490678,
    "alpha_0.10": 0.9486511710411472,
    "alpha_0.15": 0.9488950749550995,
    "alpha_0.20": 0.9488446815844481,
    "alpha_0.25": 0.9488648389327088,
    "alpha_0.30": 0.9488729018720131,
    "alpha_0.35": 0.9488144455620575,
    "alpha_0.40": 0.9487479263127976,
    "alpha_0.45": 0.9487358319038414,
    "alpha_0.50": 0.9486753598590599,
    "alpha_0.55": 0.9486572182456253,
    "alpha_0.60": 0.9486088406098001,
    "alpha_0.65": 0.948526195481932,
    "alpha_0.70": 0.948411298596847,
    "alpha_0.75": 0.9481996464401116,
    "alpha_0.80": 0.9480383876540274,
    "alpha_0.85": 0.947794483740075,
    "alpha_0.90": 0.9474417301455158,
    "alpha_0.95": 0.9470043156882625,
    "alpha_1.00": 0.9462201948409283
  }
}