{
  "MI": 2.9776203632354736,
  "STTC": 3.261805772781372,
  "CD": 3.4581520557403564,
  "HYP": 7.21991491317749
}